name,continent,score,max_health,damage_taken,damage_given,collectables,level,completion_time
speedRoyalty,EUROPE,47403,534,80,53,120,479,640:09:00
xXxgamer47xXx,ASIA,48563,539,79,115,130,493,956:48:46
v0idt3mp0,AFRICA,42023,434,181,1,140,353,634:06:42
ne0nVandal,NORTH_AMERICA,49723,544,78,177,140,507,902:36:58
ApexDr1ft,NORTH_AMERICA,43183,439,180,63,150,367,042:44:24
voidR1fter,ANTARCTICA,50883,549,77,239,150,521,034:38:52
PulseHawk,ANTARCTICA,44343,444,179,125,160,381,018:21:27
gh0stV3ctor,EUROPE,52043,554,76,301,160,535,683:00:00
NovaStride,NORTH_AMERICA,37803,339,281,11,170,241,271:20:23
ironEcho,EUROPE,45503,449,178,187,170,395,554:29:04
StaticR0gue,EUROPE,53203,559,75,363,170,549,021:53:06
grav3Byte,AFRICA,38963,344,280,73,180,255,959:19:30
H3xReaper,NORTH_AMERICA,46663,454,177,249,180,409,703:34:37
wra1thSignal,NORTH_AMERICA,54363,564,74,425,180,563,672:35:35
BloodSyntax,SOUTH_AMERICA,40123,349,279,135,190,269,854:10:39
n1ghtK3rnel,SOUTH_AMERICA,47823,459,176,311,190,423,428:27:29
Black0utRune,EUROPE,55523,569,73,487,190,577,552:31:17
deadFr3q,SOUTH_AMERICA,33583,244,381,21,200,129,031:36:05
AshPr0tocol,SOUTH_AMERICA,41283,354,278,197,200,283,674:45:28
lagW4sMe,ANTARCTICA,48983,464,175,373,200,437,826:01:54
Oops1Di3d,EUROPE,56683,574,72,549,200,591,375:46:23
micr0waveMain,AUSTRALIA,34743,249,380,83,210,143,919:43:11
CertifiedNPC,NORTH_AMERICA,42443,359,277,259,210,297,490:44:20
respawnS00n,ASIA,50143,469,174,435,210,451,575:23:38
Keyb0ardSnack,NORTH_AMERICA,57843,579,71,611,210,605,450:18:03
aim0ptional,AFRICA,35903,254,379,145,220,157,126:50:40
PingEnj0y3r,NORTH_AMERICA,43603,364,276,321,220,311,521:23:00
quantumP1ng,AFRICA,51303,474,173,497,220,465,765:20:45
NeuralL00p,SOUTH_AMERICA,59003,584,70,673,220,619,905:25:38
bitCrush3r,AFRICA,29363,149,481,31,230,17,007:20:54
CacheM1ss,NORTH_AMERICA,37063,259,378,207,230,171,602:32:04
l0gicFram3,SOUTH_AMERICA,44763,369,275,383,230,325,403:14:36
PacketGh0st,SOUTH_AMERICA,52463,479,172,559,230,479,137:28:32
signalErr0r,EUROPE,60163,589,69,735,230,633,872:21:57
K3rnelPan1c,EUROPE,30523,154,480,93,240,31,796:12:12
ash3nWyv3rn,NORTH_AMERICA,38223,264,377,269,240,185,495:23:48
RuneW4rden,EUROPE,45923,374,274,445,240,339,168:31:01
moonB0und,AUSTRALIA,53623,484,171,621,240,493,980:57:31
Starf4llRook,AUSTRALIA,61323,594,68,797,240,647,260:28:54
th0rneVeil,ASIA,31683,159,479,155,250,45,500:52:48
EmberS4g3,AUSTRALIA,39383,269,376,331,250,199,002:42:01
voidP4ladin,NORTH_AMERICA,47083,379,273,507,250,353,106:29:20
Fr0stCr0wn,AFRICA,54783,489,170,683,250,507,925:39:18
pixelP34ch,AUSTRALIA,62483,599,67,859,250,661,420:47:30
M0chiMancer,NORTH_AMERICA,32843,164,478,217,260,59,265:00:20
cozyCr1t,AFRICA,40543,274,375,393,260,213,378:25:21
LilCl0ud,EUROPE,48243,384,272,569,260,367,687:03:00
no0dleSprout,AUSTRALIA,55943,494,169,745,260,521,524:13:02
B0baByte,AFRICA,63643,604,66,921,260,675,949:19:39
sleepySl1m3,EUROPE,34003,169,477,279,270,73,338:50:46
T0fuQuest,EUROPE,41703,279,374,455,270,227,587:49:26
fram3Perf3ct,ASIA,49403,389,271,631,270,381,551:38:26
HardR3set,SOUTH_AMERICA,57103,499,168,807,270,535,658:40:48
neonR1ft,AUSTRALIA,64803,609,65,983,270,689,860:48:53
ApexShad0w,ANTARCTICA,35163,174,476,341,280,87,306:16:19
voidHunt3r,SOUTH_AMERICA,42863,284,373,517,280,241,913:53:01
PulseStr1ke,ANTARCTICA,50563,394,270,693,280,395,798:20:58
gh0stFlam3,NORTH_AMERICA,58263,504,167,869,280,549,510:10:21
NovaKn1ght,ANTARCTICA,65963,614,64,1045,280,703,722:52:49
ironShad3,ANTARCTICA,36323,179,475,403,290,101,210:20:38
StaticBlad3,SOUTH_AMERICA,44023,289,372,579,290,255,679:45:09
gravePuls3,AUSTRALIA,51723,399,269,755,290,409,587:41:51
H3xShad3,AFRICA,59423,509,166,931,290,563,012:10:40
wraithSt0rm,EUROPE,67123,619,63,1107,290,717,709:01:05
BloodFang,AFRICA,37483,184,474,465,300,115,249:09:19
nightR1ng,ANTARCTICA,45183,294,371,641,300,269,137:36:34
BlackDusk,EUROPE,52883,404,268,817,300,423,984:07:27
deadL1ne,AFRICA,60583,514,165,993,300,577,581:06:39
AshenF1re,ASIA,68283,624,62,1169,300,731,846:20:33
lagK1ller,ASIA,38643,189,473,527,310,129,693:14:53
Oops1Slay,EUROPE,46343,299,370,703,310,283,055:03:00
micr0waveP0wer,SOUTH_AMERICA,54043,409,267,879,310,437,312:26:19
Cert1fiedNPC2,NORTH_AMERICA,61743,519,164,1055,310,591,035:22:46
RespawnRush,ASIA,69443,629,61,1231,310,745,050:23:02
Keyb0ardBash,SOUTH_AMERICA,39803,194,472,589,320,143,041:50:21
aimF1x,ANTARCTICA,47503,304,369,765,320,297,303:22:29
PingCh3ck,SOUTH_AMERICA,55203,414,266,941,320,451,390:27:53
QuantumF1re,SOUTH_AMERICA,62903,524,163,1117,320,605,685:54:57
NeuralM1nd,NORTH_AMERICA,70603,634,60,1293,320,759,815:57:26
bitHunt3r,NORTH_AMERICA,33263,89,574,475,330,3,274:08:14
CacheB0x,SOUTH_AMERICA,40963,199,471,651,330,157,405:22:46
logicHack,NORTH_AMERICA,48663,309,368,827,330,311,659:56:51
PacketSn1per,ASIA,56363,419,265,1003,330,465,495:49:44
SignalV3ctor,ANTARCTICA,64063,529,162,1179,330,619,925:55:49
K3rnelShade,SOUTH_AMERICA,71763,639,59,1355,330,773,687:24:33
ash3nPhantom,NORTH_AMERICA,34423,94,573,537,340,17,263:09:47
RuneShade,NORTH_AMERICA,42123,204,470,713,340,171,322:00:56
moonFl0w,SOUTH_AMERICA,49823,314,367,889,340,325,825:41:43
StarfallGlim,ANTARCTICA,57523,424,264,1065,340,479,483:18:05
thornBlade,AFRICA,65223,534,161,1241,340,633,285:37:08
EmberL1ght,EUROPE,72923,644,58,1417,340,787,613:26:28
voidW4ve,SOUTH_AMERICA,35583,99,572,599,350,31,526:40:36
FrostBlink,AUSTRALIA,43283,209,469,775,350,185,169:04:40
pixelP0p,AFRICA,50983,319,366,951,350,339,659:28:38
MochiFluff,ANTARCTICA,58683,429,263,1127,350,493,940:29:35
cozyDr1ft,ASIA,66383,539,160,1303,350,647,066:22:50
LilFluff,AFRICA,74083,649,57,1479,350,801,846:19:58
noodl3Cloud,ASIA,36743,104,571,661,360,45,816:21:08
B0baDr1zzle,SOUTH_AMERICA,44443,214,468,837,360,199,910:31:54
sleepyPuff,EUROPE,52143,324,365,1013,360,353,229:53:17
TofuF1zz,NORTH_AMERICA,59843,434,262,1189,360,507,061:24:55
fram3Rush,ASIA,67543,544,159,1365,360,661,422:36:21
HardBl0w,AFRICA,75243,654,56,1541,360,815,155:41:36
NeonBlade,ASIA,37903,109,570,723,370,59,970:59:23
ApexStorm,EUROPE,45603,219,467,899,370,213,604:49:31
voidL3aper,ASIA,53303,329,364,1075,370,367,303:22:31
PulseSp3ar,SOUTH_AMERICA,61003,439,261,1251,370,521,172:41:56
ghostFl4sh,EUROPE,68703,549,158,1427,370,675,710:18:46
NovaFang,SOUTH_AMERICA,76403,659,55,1603,370,829,250:37:25
ironBite,AUSTRALIA,39063,114,569,785,380,73,084:13:59
StaticShock,AFRICA,46763,224,466,961,380,227,597:14:00
graveLine,ANTARCTICA,54463,334,363,1137,380,381,635:21:40
HexR1der,AFRICA,62163,444,260,1313,380,535,351:32:36
wraithC0re,ANTARCTICA,69863,554,157,1489,380,689,039:52:19
BloodDrip,ANTARCTICA,77563,664,54,1665,380,843,769:09:49
nightShade,NORTH_AMERICA,40223,119,568,847,390,87,415:02:44
BlackVein,AFRICA,47923,229,465,1023,390,241,017:40:19
deadBlink,NORTH_AMERICA,55623,339,362,1199,390,395,131:24:22
Ash3nRift,ANTARCTICA,63323,449,259,1375,390,549,015:11:29
lagStrike,NORTH_AMERICA,71023,559,156,1551,390,703,311:24:54
OopsSlash,ANTARCTICA,78723,669,53,1727,390,857,739:22:56
micr0waveZ0ne,SOUTH_AMERICA,41383,124,567,909,400,101,215:16:57
CertifiedNPC3,ANTARCTICA,49083,234,464,1085,400,255,112:10:53
RespawnDash,ASIA,56783,344,361,1261,400,409,975:39:18
KeyboardSmash,NORTH_AMERICA,64483,454,258,1437,400,563,543:11:34
aimBurst,EUROPE,72183,564,155,1613,400,717,858:13:29
PingP0int,ASIA,79883,674,52,1789,400,871,583:28:38
QuantumR3alm,EUROPE,42543,129,566,971,410,115,241:58:42
NeuralFlux,EUROPE,50243,239,463,1147,410,269,189:17:37
bitCrush,ANTARCTICA,57943,349,360,1323,410,423,960:04:39
CacheLink,EUROPE,65643,459,257,1499,410,577,653:00:55
logicSpike,AFRICA,73343,569,154,1675,410,731,456:52:48
PacketDr1ft,AFRICA,81043,679,51,1851,410,885,796:05:42
SignalSt0rm,AUSTRALIA,43703,134,565,1033,420,129,080:24:07
K3rnelFang,NORTH_AMERICA,51403,244,462,1209,420,283,468:47:45
ash3nShade,ASIA,59103,354,359,1385,420,437,205:16:24
RuneShade,EUROPE,66803,464,256,1561,420,591,726:12:19
moonFl0w,SOUTH_AMERICA,74503,574,153,1737,420,745,202:28:53
StarfallGlim,EUROPE,82203,684,50,1913,420,899,324:22:20
thornBlade,NORTH_AMERICA,44863,139,564,1095,430,143,614:50:39
EmberL1ght,ANTARCTICA,52563,249,461,1271,430,297,318:35:19
voidW4ve,NORTH_AMERICA,60263,359,358,1447,430,451,457:32:38
FrostBlink,EUROPE,67963,469,255,1623,430,605,218:18:20
pixelFl0w,AUSTRALIA,75663,579,152,1799,430,759,132:18:34
M0chiPuff,AUSTRALIA,83363,689,49,1975,430,913,798:12:33
cozyZap,AFRICA,38323,34,666,981,440,3,062:54:53
LilBlink,ANTARCTICA,46023,144,563,1157,440,157,179:18:37
noodl3Zap,ANTARCTICA,53723,254,460,1333,440,311,268:30:04
B0baRoll,AUSTRALIA,61423,364,357,1509,440,465,118:33:03
sleepyTwig,EUROPE,69123,474,254,1685,440,619,359:11:49
TofuWisp,AFRICA,76823,584,151,1861,440,773,476:07:51
fram3Shot,EUROPE,84523,694,48,2037,440,927,997:25:18
HardStr1ke,AFRICA,39483,39,665,1043,450,17,867:48:19
ne0nFang,EUROPE,47183,149,562,1219,450,171,945:49:21
ApexClaw,ANTARCTICA,54883,259,459,1395,450,325,922:10:22
voidSp1ke,AUSTRALIA,62583,369,356,1571,450,479,980:43:24
PulseR3ign,NORTH_AMERICA,70283,479,253,1747,450,633,627:32:09
ghostBlink,ASIA,77983,589,150,1923,450,787,205:26:47
NovaW1ng,ANTARCTICA,85683,699,47,2099,450,941,236:54:13
ironH4wk,AFRICA,40643,44,664,1105,460,31,829:11:58
StaticL1ght,AFRICA,48343,154,561,1281,460,185,800:37:15
graveShade,ANTARCTICA,56043,264,458,1457,460,339,172:49:12
H3xBlade,ANTARCTICA,63743,374,355,1633,460,493,927:46:01
wraithS1ce,ANTARCTICA,71443,484,252,1809,460,647,391:49:48
BloodTorn,ASIA,79143,594,149,1985,460,801,402:14:20
nightF1re,NORTH_AMERICA,86843,704,46,2161,460,955,764:11:38
BlackMist,NORTH_AMERICA,41803,49,663,1167,470,45,878:37:29
deadWav3,AUSTRALIA,49503,159,560,1343,470,199,580:34:45
Ash3nDrift,ANTARCTICA,57203,269,457,1519,470,353,351:27:11
lagBoost,ANTARCTICA,64903,379,354,1695,470,507,188:36:47
OopsDash,SOUTH_AMERICA,72603,489,251,1871,470,661,472:10:42
micr0waveBurst,AUSTRALIA,80303,599,148,2047,470,815,263:13:54
CertifiedNPC4,AUSTRALIA,88003,709,45,2223,470,969,053:45:18
RespawnBlink,NORTH_AMERICA,42963,54,662,1229,480,59,117:39:15
KeyboardP0w3r,AUSTRALIA,50663,164,559,1405,480,213,172:45:46
aimSp1n,ASIA,58363,274,456,1581,480,367,824:14:43
PingRush,NORTH_AMERICA,66063,384,353,1757,480,521,073:07:57
QuantumShock,AFRICA,73763,494,250,1933,480,675,071:30:21
NeuralSpark,AFRICA,81463,604,147,2109,480,829,384:02:38
bitStrike,ANTARCTICA,89163,714,44,2285,480,983,242:13:50
CacheFlow,ASIA,44123,59,661,1291,490,73,995:47:26
logicStrike,EUROPE,51823,169,558,1467,490,227,750:36:26
PacketStrike,EUROPE,59523,279,455,1643,490,381,667:39:39
SignalBl4ze,ANTARCTICA,67223,389,352,1819,490,535,051:19:11
K3rnelShade,SOUTH_AMERICA,74923,499,249,1995,490,689,695:07:06
ash3nWraith,AUSTRALIA,82623,609,146,2171,490,843,102:12:06
RuneFlame,EUROPE,90323,719,43,2347,490,997,154:52:02
moonGlint,AUSTRALIA,45283,64,660,1353,500,87,109:12:25
StarfallEcho,AUSTRALIA,52983,174,557,1529,500,241,110:40:44
thornStrike,ANTARCTICA,60683,284,454,1705,500,395,851:41:28
EmberFang,AFRICA,68383,394,351,1881,500,549,283:45:14
voidGlare,AUSTRALIA,76083,504,248,2057,500,703,184:10:17
FrostBlink,AUSTRALIA,83783,614,145,2233,500,857,853:41:14
pixelSpr1nk,SOUTH_AMERICA,91483,724,42,2409,500,1011,216:47:57
M0chiCloud,ANTARCTICA,46443,69,659,1415,510,101,845:01:46
cozyDr1ft,ANTARCTICA,54143,179,556,1591,510,255,729:49:46
LilFluff,ANTARCTICA,61843,289,453,1767,510,409,948:57:08
noodl3Cloud,SOUTH_AMERICA,69543,399,350,1943,510,563,237:53:40
B0baDr1zzle,AUSTRALIA,77243,509,247,2119,510,717,544:09:29
sleepyPuff,ANTARCTICA,84943,619,144,2295,510,871,407:33:47
TofuF1zz,AFRICA,92643,729,41,2471,510,1025,723:48:44
fram3Boost,AFRICA,47603,74,658,1477,520,115,371:40:33
HardBl4ze,ASIA,55303,184,555,1653,520,269,131:51:09
NeonSp1ke,EUROPE,63003,294,452,1829,520,423,463:31:35
ApexF1re,NORTH_AMERICA,70703,404,349,2005,520,577,917:42:44
voidCrush,EUROPE,78403,514,246,2181,520,731,599:46:21
PulseFl4re,NORTH_AMERICA,86103,624,143,2357,520,885,277:31:15
gh0stShad3,AUSTRALIA,93803,734,40,2533,520,1039,997:51:28
NovaR3ign,ANTARCTICA,48763,79,657,1539,530,129,946:40:05
ironPulse,ANTARCTICA,56463,189,554,1715,530,283,631:41:26
StaticShad3,AFRICA,64163,299,451,1891,530,437,161:46:14
graveDrift,ANTARCTICA,71863,409,348,2067,530,591,496:10:48
H3xBlink,AFRICA,79563,519,245,2243,530,745,695:28:34
wraithF1ng3r,EUROPE,87263,629,142,2419,530,899,872:16:57
BloodSlash,AFRICA,94963,739,39,2595,530,1053,558:45:31
nightGl1de,EUROPE,49923,84,656,1601,540,143,764:33:38
BlackSp1re,EUROPE,57623,194,553,1777,540,297,467:46:30
deadFlash,NORTH_AMERICA,65323,304,450,1953,540,451,948:06:25
Ash3nL1ght,EUROPE,73023,414,347,2129,540,605,205:36:03
lagRush,ASIA,80723,524,244,2305,540,759,531:35:19
OopsPunch,ANTARCTICA,88423,634,141,2481,540,913,536:51:43
micr0waveZap,EUROPE,96123,744,38,2657,540,1067,800:09:01
CertifiedNPC5,AUSTRALIA,51083,89,655,1663,550,157,457:17:10
RespawnFl1ck,ANTARCTICA,58783,199,552,1839,550,311,788:35:58
KeyboardRush,NORTH_AMERICA,66483,309,449,2015,550,465,800:22:45
aimStrike,ASIA,74183,419,346,2191,550,619,325:11:01
PingBurst,AFRICA,81883,529,243,2367,550,773,910:11:50
QuantumSpike,EUROPE,89583,639,140,2543,550,927,777:18:52
NeuralW1ng,EUROPE,97283,749,37,2719,550,1081,257:55:28
bitGl1de,SOUTH_AMERICA,52243,94,654,1725,560,171,348:16:13
CacheSpark,ANTARCTICA,59943,204,551,1901,560,325,629:15:27
logicF1re,ASIA,67643,314,448,2077,560,479,054:17:36
PacketRush,AFRICA,75343,424,345,2253,560,633,236:34:14
SignalFl1ck,ASIA,83043,534,242,2429,560,787,938:12:48
K3rnelPulse,SOUTH_AMERICA,90743,644,139,2605,560,941,844:10:00
ash3nStrike,SOUTH_AMERICA,98443,754,36,2781,560,1095,099:22:43
RuneBl1tz,ASIA,53403,99,653,1787,570,185,242:54:04
moonRift,NORTH_AMERICA,61103,209,550,1963,570,339,054:14:12
StarfallSp1re,ASIA,68803,319,447,2139,570,493,446:20:19
thornFlash,EUROPE,76503,429,344,2315,570,647,217:55:39
EmberGl1mmer,AFRICA,84203,539,241,2491,570,801,953:02:06
voidSpark,NORTH_AMERICA,91903,649,138,2667,570,955,241:04:56
FrostGl1de,EUROPE,99603,759,35,2843,570,1109,510:55:28
pixelZap,AFRICA,54563,104,652,1849,580,199,798:11:52
M0chiB1zz,ASIA,62263,214,549,2025,580,353,162:54:32
cozyPuff,AUSTRALIA,69963,324,446,2201,580,507,409:07:25
LilBlink,ANTARCTICA,77663,434,343,2377,580,661,896:50:20
noodl3Zap,ASIA,85363,544,240,2553,580,815,738:20:36
B0baSpark,AFRICA,93063,654,137,2729,580,969,726:12:41
sleepyGl1m,ASIA,100763,764,34,2905,580,1123,677:44:36
TofuBlink,NORTH_AMERICA,55723,109,651,1911,590,213,943:24:59
fram3Bl1tz,ANTARCTICA,63423,219,548,2087,590,367,351:36:42
HardPulse,AUSTRALIA,71123,329,445,2263,590,521,235:18:18
ne0nDr1ft,SOUTH_AMERICA,78823,439,342,2439,590,675,565:13:02
ApexClash,AUSTRALIA,86523,549,239,2615,590,829,794:40:48
voidR3ign,NORTH_AMERICA,94223,659,136,2791,590,983,956:17:02
PulseStrike,ASIA,101923,769,33,2967,590,1137,893:47:47
gh0stFl1ck,EUROPE,49183,4,753,1797,600,73,411:37:12
NovaF1re,ASIA,56883,114,650,1973,600,227,195:18:04
ironStrike,AFRICA,64583,224,547,2149,600,381,201:03:16
StaticClaw,ANTARCTICA,72283,334,444,2325,600,535,982:48:15
graveFl4re,AUSTRALIA,79983,444,341,2501,600,689,599:03:54
H3xShock,SOUTH_AMERICA,87683,554,238,2677,600,843,921:48:49
wraithSlash,NORTH_AMERICA,95383,664,135,2853,600,997,242:36:02
BloodBlink,ANTARCTICA,103083,774,32,3029,600,1151,597:46:10
nightFang,SOUTH_AMERICA,50343,9,752,1859,610,87,593:33:03
BlackGl1m,AUSTRALIA,58043,119,649,2035,610,241,453:05:07
deadR3ap,ANTARCTICA,65743,229,546,2211,610,395,580:43:34
Ash3nBlink,SOUTH_AMERICA,73443,339,443,2387,610,549,596:37:16
lagF1re,ASIA,81143,449,340,2563,610,703,496:17:21
OopsStrike,AUSTRALIA,88843,559,237,2739,610,857,391:30:55
neonVortex,ASIA,96543,669,134,2915,610,1011,886:50:06
ApexShadow,ASIA,104243,779,31,3091,610,1165,668:27:47
VoidRider,ANTARCTICA,51503,14,751,1921,620,101,842:04:11
PulseHawk,AFRICA,59203,124,648,2097,620,255,087:42:48
GhostVector,ASIA,66903,234,545,2273,620,409,290:09:17
NovaStride,SOUTH_AMERICA,74603,344,442,2449,620,563,620:02:16
ironEcho,SOUTH_AMERICA,82303,454,339,2625,620,717,595:37:27
StaticRogue,NORTH_AMERICA,90003,564,236,2801,620,871,925:22:28
GraveByte,ASIA,97703,674,133,2977,620,1025,387:06:39
HexReaper,AFRICA,105403,784,30,3153,620,1179,256:56:02
wraithSignal,EUROPE,52663,19,750,1983,630,115,422:08:44
BloodSyntax,ASIA,60363,129,647,2159,630,269,681:09:47
nightKernel,SOUTH_AMERICA,68063,239,544,2335,630,423,270:00:45
BlackoutRune,EUROPE,75763,349,441,2511,630,577,569:04:53
DeadFreq,ANTARCTICA,83463,459,338,2687,630,731,815:09:58
AshProtocol,NORTH_AMERICA,91163,569,235,2863,630,885,930:52:18
lagWasMe,SOUTH_AMERICA,98863,679,132,3039,630,1039,451:27:23
OopsIDied,AFRICA,106563,789,29,3215,630,1193,991:56:29
microWaveMain,NORTH_AMERICA,53823,24,749,2045,640,129,626:00:59
CertifiedNPC,AFRICA,61523,134,646,2221,640,283,266:44:03
RespawnSoon,NORTH_AMERICA,69223,244,543,2397,640,437,069:04:10
KeyBoardSnack,ANTARCTICA,76923,354,440,2573,640,591,118:11:10
AimOptional,EUROPE,84623,464,337,2749,640,745,140:53:07
PingEnjoyer,ANTARCTICA,92323,574,234,2925,640,899,467:23:31
QuantumPing,EUROPE,100023,684,131,3101,640,1053,057:06:33
NeuralLoop,ASIA,107723,794,28,3277,640,1207,233:25:20
BitCrusher,ASIA,54983,29,748,2107,650,143,760:22:03
CacheMiss,ASIA,62683,139,645,2283,650,297,723:21:27
LogicFrame,ANTARCTICA,70383,249,542,2459,650,451,921:17:20
PacketGhost,EUROPE,78083,359,439,2635,650,605,519:41:43
SignalError,ANTARCTICA,85783,469,336,2811,650,759,867:49:01
KernelPanic,ANTARCTICA,93483,579,233,2987,650,913,581:42:26
AshenWyvern,NORTH_AMERICA,101183,689,130,3163,650,1067,654:02:30
RuneWarden,NORTH_AMERICA,108883,799,27,3339,650,1221,299:59:38
MoonBound,ANTARCTICA,56143,34,747,2169,660,157,373:29:07
StarfallRook,AFRICA,63843,144,644,2345,660,311,124:02:03
ThorneVeil,NORTH_AMERICA,71543,254,541,2521,660,465,622:51:32
EmberSage,ASIA,79243,364,438,2697,660,619,764:16:29
VoidPaladin,AUSTRALIA,86943,474,335,2873,660,773,903:34:40
FrostCrown,NORTH_AMERICA,94643,584,232,3049,660,927,866:55:01
PixelPeach,AUSTRALIA,102343,694,129,3225,660,1081,400:52:35
MochiMancer,SOUTH_AMERICA,110043,804,26,3401,660,1235,816:45:23
CozyCrit,SOUTH_AMERICA,57303,39,746,2231,670,171,460:42:10
lilCloud,SOUTH_AMERICA,65003,149,643,2407,670,325,897:21:28
NoodleSprout,SOUTH_AMERICA,72703,259,540,2583,670,479,369:51:11
BobaByte,AFRICA,80403,369,437,2759,670,633,010:27:36
SleepySlime,AFRICA,88103,479,334,2935,670,787,307:46:11
TofuQuest,NORTH_AMERICA,95803,589,231,3111,670,941,187:28:49
FramePerfect,EUROPE,103503,699,128,3287,670,1095,454:08:07
HardReset,AFRICA,111203,809,25,3463,670,1249,377:42:20
neonRift,NORTH_AMERICA,58463,44,745,2293,680,185,727:53:53
ApexShadow,NORTH_AMERICA,66163,154,642,2469,680,339,418:03:54
voidHunter,NORTH_AMERICA,73863,264,539,2645,680,493,158:42:42
PulseStrike,EUROPE,81563,374,436,2821,680,647,232:58:34
GhostFlame,EUROPE,89263,484,333,2997,680,801,418:10:18
NovaKnight,AFRICA,96963,594,230,3173,680,955,200:18:35
ironShade,EUROPE,104663,704,127,3349,680,1109,548:36:41
StaticBlade,AFRICA,112363,814,24,3525,680,1263,415:27:19
GravePulse,AFRICA,59623,49,744,2355,690,199,783:55:39
HexShade,ASIA,67323,159,641,2531,690,353,473:00:17
WraithStorm,NORTH_AMERICA,75023,269,538,2707,690,507,148:35:58
BloodFang,AFRICA,82723,379,435,2883,690,661,093:26:51
NightRing,EUROPE,90423,489,332,3059,690,815,705:46:59
BlackDusk,ASIA,98123,599,229,3235,690,969,364:02:33
DeadLine,EUROPE,105823,709,126,3411,690,1123,160:05:45
AshenFire,AFRICA,113523,819,23,3587,690,1277,418:25:31
LagKiller,EUROPE,60783,54,743,2417,700,213,315:10:14
OopsSlay,ASIA,68483,164,640,2593,700,367,060:22:44
microWavePower,ANTARCTICA,76183,274,537,2769,700,521,441:15:22
CertifiedNPC2,AFRICA,83883,384,434,2945,700,675,084:45:53
RespawnRush,ASIA,91583,494,331,3121,700,829,983:51:50
KeyboardBash,SOUTH_AMERICA,99283,604,228,3297,700,983,607:00:54
AimFix,AUSTRALIA,106983,714,125,3473,700,1137,446:55:58
PingCheck,ANTARCTICA,114683,824,22,3649,700,1291,199:06:30
QuantumFire,EUROPE,61943,59,742,2479,710,227,377:06:21
NeuralMind,NORTH_AMERICA,69643,169,639,2655,710,381,442:31:42
BitHunter,AFRICA,77343,279,536,2831,710,535,650:41:41
CacheBox,NORTH_AMERICA,85043,389,433,3007,710,689,302:08:35
LogicHack,NORTH_AMERICA,92743,499,330,3183,710,843,630:18:40
PacketSniper,AUSTRALIA,100443,609,227,3359,710,997,818:58:55
SignalVector,AFRICA,108143,719,124,3535,710,1151,477:55:26
KernelShade,ASIA,115843,829,21,3711,710,1305,696:44:52
AshenPhantom,EUROPE,63103,64,741,2541,720,241,855:15:45
RuneShade,ASIA,70803,174,638,2717,720,395,752:40:09
MoonFlow,EUROPE,78503,284,535,2893,720,549,643:06:20
StarfallGlim,SOUTH_AMERICA,86203,394,432,3069,720,703,000:55:43
ThornBlade,ASIA,93903,504,329,3245,720,857,135:22:53
EmberLight,EUROPE,101603,614,226,3421,720,1011,682:39:09
VoidWave,AFRICA,109303,724,123,3597,720,1165,135:31:26
FrostBlink,NORTH_AMERICA,117003,834,20,3773,720,1319,478:02:15
PixelPop,SOUTH_AMERICA,64263,69,740,2603,730,255,484:37:53
MochiFluff,ASIA,71963,179,637,2779,730,409,032:30:30
CozyDrift,AFRICA,79663,289,534,2955,730,563,932:25:22
LilFluff,AUSTRALIA,87363,399,431,3131,730,717,380:10:47
NoodleCloud,AFRICA,95063,509,328,3307,730,871,579:05:36
BobaDrizzle,EUROPE,102763,619,225,3483,730,1025,457:48:38
SleepyPuff,SOUTH_AMERICA,110463,729,122,3659,730,1179,271:41:42
TofuFizz,AFRICA,118163,839,19,3835,730,1333,097:00:23
FrameRush,EUROPE,65423,74,739,2665,740,269,952:28:18
HardBlow,AFRICA,73123,184,636,2841,740,423,256:17:33
NeonBlade,ANTARCTICA,80823,294,533,3017,740,577,194:00:52
ApexStorm,SOUTH_AMERICA,88523,404,430,3193,740,731,334:24:09
VoidLeaper,AUSTRALIA,96223,514,327,3369,740,885,959:45:19
PulseSpear,SOUTH_AMERICA,103923,624,224,3545,740,1039,941:07:43
GhostFlash,NORTH_AMERICA,111623,734,121,3721,740,1193,116:30:02
NovaFang,SOUTH_AMERICA,119323,844,18,3897,740,1347,314:15:56
IronBite,NORTH_AMERICA,66583,79,738,2727,750,283,795:31:33
StaticShock,NORTH_AMERICA,74283,189,635,2903,750,437,646:04:36
GraveLine,EUROPE,81983,299,532,3079,750,591,989:52:47
HexRider,EUROPE,89683,409,429,3255,750,745,938:18:49
WraithCore,NORTH_AMERICA,97383,519,326,3431,750,899,290:18:51
BloodDrip,NORTH_AMERICA,105083,629,223,3607,750,1053,879:02:45
NightShade,AFRICA,112783,739,120,3783,750,1207,129:43:17
BlackVein,EUROPE,120483,849,17,3959,750,1361,516:49:35
DeadBlink,AUSTRALIA,67743,84,737,2789,760,297,863:20:49
AshenRift,AUSTRALIA,75443,194,634,2965,760,451,369:50:16
LagStrike,EUROPE,83143,304,531,3141,760,605,303:52:57
OopsSlash,EUROPE,90843,414,428,3317,760,759,060:32:05
MicroWaveZone,ANTARCTICA,98543,524,325,3493,760,913,315:52:19
CertifiedNPC3,AUSTRALIA,106243,634,222,3669,760,1067,744:23:48
RespawnDash,AFRICA,113943,744,119,3845,760,1221,419:17:13
KeyboardSmash,AUSTRALIA,121643,854,16,4021,760,1375,807:35:09
AimBurst,AFRICA,68903,89,736,2851,770,311,701:47:58
PingPoint,NORTH_AMERICA,76603,199,633,3027,770,465,751:09:29
QuantumRealm,NORTH_AMERICA,84303,309,530,3203,770,619,465:30:54
NeuralFlux,EUROPE,92003,419,427,3379,770,773,286:36:50
BitCrush,NORTH_AMERICA,99703,529,324,3555,770,927,403:10:42
CacheLink,AFRICA,107403,639,221,3731,770,1081,349:08:01
LogicSpike,NORTH_AMERICA,115103,749,118,3907,770,1235,697:20:52
PacketDrift,NORTH_AMERICA,122803,859,15,4083,770,1389,084:07:17
SignalStorm,ANTARCTICA,70063,94,735,2913,780,325,173:14:33
KernelFang,AUSTRALIA,77763,204,632,3089,780,479,788:33:46
AshenShade,ASIA,85463,314,529,3265,780,633,887:58:53
RuneShade,ASIA,93163,424,426,3441,780,787,356:44:42
MoonFlow,SOUTH_AMERICA,100863,534,323,3617,780,941,568:26:27
StarfallGlim,ASIA,108563,644,220,3793,780,1095,193:37:23
ThornBlade,EUROPE,116263,754,117,3969,780,1249,227:19:09
EmberLight,ASIA,123963,864,14,4145,780,1403,937:35:35
VoidWave,AFRICA,71223,99,734,2975,790,339,992:33:54
FrostBlink,ASIA,78923,209,631,3151,790,493,367:35:05
PixelSprinkle,NORTH_AMERICA,86623,319,528,3327,790,647,266:06:36
MochiCloud,ASIA,94323,429,425,3503,790,801,703:19:54
CozyDrift,EUROPE,102023,539,322,3679,790,955,765:26:06
LilFluff,ANTARCTICA,109723,649,219,3855,790,1109,479:15:39
NoodleCloud,SOUTH_AMERICA,117423,759,116,4031,790,1263,436:30:00
BobaDrizzle,NORTH_AMERICA,125123,869,13,4207,790,1417,573:12:42
SleepyPuff,AFRICA,72383,104,733,3037,800,353,616:42:15
TofuFizz,ANTARCTICA,80083,214,630,3213,800,507,101:38:46
FrameBoost,ASIA,87783,324,527,3389,800,661,660:34:48
HardBlaze,AUSTRALIA,95483,434,424,3565,800,815,443:41:46
NeonSpike,ANTARCTICA,103183,544,321,3741,800,969,144:35:33
ApexFire,AUSTRALIA,110883,654,218,3917,800,1123,250:32:37
VoidCrush,SOUTH_AMERICA,118583,764,115,4093,800,1277,857:28:03
PulseFlare,EUROPE,126283,874,12,4269,800,1431,402:44:31
GhostShade,EUROPE,73543,109,732,3099,810,367,915:31:10
NovaReign,AUSTRALIA,81243,219,629,3275,810,521,360:25:47
IronPulse,NORTH_AMERICA,88943,329,526,3451,810,675,594:25:27
StaticShade,AUSTRALIA,96643,439,423,3627,810,829,043:34:20
GraveDrift,ASIA,104343,549,320,3803,810,983,841:00:15
HexBlink,NORTH_AMERICA,112043,659,217,3979,810,1137,355:36:46
WraithFinger,AUSTRALIA,119743,769,114,4155,810,1291,082:23:19
BloodSlash,SOUTH_AMERICA,127443,879,11,4331,810,1445,785:15:10
NightGlide,ASIA,67003,4,834,2985,820,227,512:54:56
BlackSpire,ASIA,74703,114,731,3161,820,381,320:38:23
DeadFlash,ASIA,82403,224,628,3337,820,535,502:31:34
AshenLight,EUROPE,90103,334,525,3513,820,689,117:23:14
LagRush,AFRICA,97803,444,422,3689,820,843,629:25:32
OopsPunch,AFRICA,105503,554,319,3865,820,997,574:49:04
MicroWaveZap,NORTH_AMERICA,113203,664,216,4041,820,1151,667:21:15
CertifiedNPC4,ASIA,120903,774,113,4217,820,1305,667:42:53
RespawnFlick,ASIA,128603,884,10,4393,820,1459,976:59:05
KeyboardRush,ASIA,68163,9,833,3047,830,241,255:09:12
AimStrike,NORTH_AMERICA,75863,119,730,3223,830,395,860:03:46
PingBurst,EUROPE,83563,229,627,3399,830,549,151:16:13
QuantumSpike,ANTARCTICA,91263,339,524,3575,830,703,685:50:14
NeuralWing,ANTARCTICA,98963,449,421,3751,830,857,549:13:37
BitGlide,EUROPE,106663,559,318,3927,830,1011,073:52:14
CacheSpark,NORTH_AMERICA,114363,669,215,4103,830,1165,490:53:09
LogicFire,SOUTH_AMERICA,122063,779,112,4279,830,1319,854:08:27
PacketRush,ASIA,129763,889,9,4455,830,1473,930:00:07
SignalFlick,ASIA,69323,14,832,3109,840,255,978:16:17
KernelPulse,ASIA,77023,124,729,3285,840,409,799:17:39
AshenStrike,AUSTRALIA,84723,234,626,3461,840,563,567:36:48
RuneBlitz,SOUTH_AMERICA,92423,344,523,3637,840,717,591:22:16
MoonRift,AFRICA,100123,454,420,3813,840,871,892:59:22
StarfallSpire,ASIA,107823,564,317,3989,840,1025,546:31:32
ThornFlash,NORTH_AMERICA,115523,674,214,4165,840,1179,345:03:02
EmberGlimmer,EUROPE,123223,784,111,4341,840,1333,766:10:46
VoidSpark,NORTH_AMERICA,130923,894,8,4517,840,1487,933:25:14
FrostGlide,NORTH_AMERICA,70483,19,831,3171,850,269,937:59:03
PixelZap,ASIA,78183,129,728,3347,850,423,940:10:27
MochiBuzz,SOUTH_AMERICA,85883,239,625,3523,850,577,533:45:42
CozyPuff,ANTARCTICA,93583,349,522,3699,850,731,367:38:34
LilBlink,ANTARCTICA,101283,459,419,3875,850,885,611:46:42
NoodleZap,AFRICA,108983,569,316,4051,850,1039,958:11:17
neonrift,AFRICA,116683,679,213,4227,850,1193,682:06:21
QuantumClutch,EUROPE,124383,789,110,4403,850,1347,124:44:09
synthrunner,ANTARCTICA,132083,899,7,4579,850,1501,486:14:35
FragV1per,NORTH_AMERICA,71643,24,830,3233,860,283,606:44:25
MetaBreak,ANTARCTICA,79343,134,727,3409,860,437,284:24:22
pulseR3actor,AUSTRALIA,87043,244,624,3585,860,591,639:10:11
overclockShade,EUROPE,94743,354,521,3761,860,745,554:02:45
DataSnip3r,AUSTRALIA,102443,464,418,3937,860,899,539:38:47
neonPulse,ASIA,110143,574,315,4113,860,1053,975:45:46
RiftRunnerX,EUROPE,117843,684,212,4289,860,1207,784:14:40
hyperclutch,AUSTRALIA,125543,794,109,4465,860,1361,824:19:10
PulseV1per,EUROPE,133243,904,6,4641,860,1515,283:13:49
MetaStrike,EUROPE,72803,29,829,3295,870,297,555:30:20
quantumR1der,ASIA,80503,139,726,3471,870,451,924:12:54
driftProtocol,EUROPE,88203,249,623,3647,870,605,858:17:33
shadowwraith,ANTARCTICA,95903,359,520,3823,870,759,539:38:03
CrimsonHex,ASIA,103603,469,417,3999,870,913,797:35:14
ghostCipher,ASIA,111303,579,314,4175,870,1067,901:40:07
nightrequiem,AUSTRALIA,119003,689,211,4351,870,1221,023:29:54
abyssC0de,SOUTH_AMERICA,126703,799,108,4527,870,1375,868:15:19
HexSoul,NORTH_AMERICA,134403,909,5,4703,870,1529,757:41:56
terminalrift,ANTARCTICA,73963,34,828,3357,880,311,563:05:08
DarkCiph3r,NORTH_AMERICA,81663,144,725,3533,880,465,159:47:50
voidharvester,AUSTRALIA,89363,254,622,3709,880,619,838:07:29
cryptBreaker,AFRICA,97063,364,519,3885,880,773,440:38:35
shadowKernel,AFRICA,104763,474,416,4061,880,927,081:11:40
nightF4ll,ASIA,112463,584,313,4237,880,1081,308:26:09
ghostR1der,SOUTH_AMERICA,120163,694,210,4413,880,1235,521:27:40
darkSignal,AUSTRALIA,127863,804,107,4589,880,1389,050:27:05
phantomC0de,EUROPE,135563,914,4,4765,880,1543,496:15:39
dragonnexus,AFRICA,75123,39,827,3419,890,325,313:23:36
RuneTemplar,ASIA,82823,149,724,3595,890,479,983:12:09
arcaneknight,SOUTH_AMERICA,90523,259,621,3771,890,633,707:26:32
StarforgeWarden,EUROPE,98223,369,518,3947,890,787,268:17:08
mysticprotocol,SOUTH_AMERICA,105923,479,415,4123,890,941,687:18:17
voidwyrm3,AUSTRALIA,113623,589,312,4299,890,1095,035:25:51
CelestialHack,EUROPE,121323,699,209,4475,890,1249,292:34:19
astralsentry,AFRICA,129023,809,106,4651,890,1403,102:45:22
emberWarden,EUROPE,136723,919,3,4827,890,1557,938:30:30
frostGlyph,SOUTH_AMERICA,76283,44,826,3481,900,339,970:08:26
arcaneR1ft,AFRICA,83983,154,723,3657,900,493,356:11:46
runeSeeker,ASIA,91683,264,620,3833,900,647,873:19:28
starbornSage,ANTARCTICA,99383,374,517,4009,900,801,172:52:27
titanF4ng,NORTH_AMERICA,107083,484,414,4185,900,955,234:48:08
cosmicKnight,NORTH_AMERICA,114783,594,311,4361,900,1109,957:55:30
mochiglitch,ANTARCTICA,122483,704,208,4537,900,1263,162:08:39
bobaBit,ANTARCTICA,130183,814,105,4713,900,1417,418:18:33
snugbug,AUSTRALIA,137883,924,2,4889,900,1571,213:06:01
fluffypixel,AUSTRALIA,77443,49,825,3543,910,353,608:05:41
cozycrash,AFRICA,85143,159,722,3719,910,507,059:48:42
pastelPacket,ANTARCTICA,92843,269,619,3895,910,661,255:10:04
liln00dle,EUROPE,100543,379,516,4071,910,815,296:33:17
pinkerror,EUROPE,108243,489,413,4247,910,969,161:35:55
mochiSpr1te,SOUTH_AMERICA,115943,599,310,4423,910,1123,953:55:18
tinycloudlet,ASIA,123643,709,207,4599,910,1277,564:48:47
bobaSprout,SOUTH_AMERICA,131343,819,104,4775,910,1431,804:13:10
sleepyP1xel,NORTH_AMERICA,139043,929,1,4951,910,1585,167:33:48
noodleblink,AUSTRALIA,78603,54,824,3605,920,367,728:30:31
peachygl1tch,ANTARCTICA,86303,164,721,3781,920,521,759:51:01
cozySprout,NORTH_AMERICA,94003,274,618,3957,920,675,679:08:07
oopsilagged,NORTH_AMERICA,101703,384,515,4133,920,829,105:02:38
NotASweat,AUSTRALIA,109403,494,412,4309,920,983,052:40:34
chairwarrior,ANTARCTICA,117103,604,309,4485,920,1137,829:31:17
potatoA1mbot,AUSTRALIA,124803,714,206,4661,920,1291,832:34:02
wifigoblin,SOUTH_AMERICA,132503,824,103,4837,920,1445,158:42:36
KeyboardYeet,EUROPE,140203,934,0,5013,920,1599,184:19:12
tacticalnugget,SOUTH_AMERICA,79763,59,823,3667,930,381,504:11:06
respawnaddict,ASIA,87463,169,720,3843,930,535,787:19:27
lagWasMe,ASIA,95163,279,617,4019,930,689,210:35:00
snackPowered,AUSTRALIA,102863,389,514,4195,930,843,419:00:19
momSaidPause,SOUTH_AMERICA,110563,499,411,4371,930,997,995:38:14
potatoLagKing,SOUTH_AMERICA,118263,609,308,4547,930,1151,018:56:03
chairDestroyer,AFRICA,125963,719,205,4723,930,1305,337:25:24
bonkDealer,ASIA,133663,829,102,4899,930,1459,861:34:37
afkChampion,SOUTH_AMERICA,80923,64,822,3729,940,395,356:25:03
frostfirewall,NORTH_AMERICA,88623,174,719,3905,940,549,273:18:12
EmberExecute,SOUTH_AMERICA,96323,284,616,4081,940,703,656:07:43
stormpacket,AUSTRALIA,104023,394,513,4257,940,857,220:32:49
magmaCode,ANTARCTICA,111723,504,410,4433,940,1011,667:45:57
glacialproxy,EUROPE,119423,614,307,4609,940,1165,713:47:35
thunderPing,ASIA,127123,724,204,4785,940,1319,881:46:48
solarhack,SOUTH_AMERICA,134823,834,101,4961,940,1473,668:22:40
tidalroot,ANTARCTICA,82083,69,821,3791,950,409,755:25:01
emberR00t,EUROPE,89783,179,718,3967,950,563,766:23:58
frostP1ng,EUROPE,97483,289,615,4143,950,717,052:02:44
staticSurge,AFRICA,105183,399,512,4319,950,871,504:19:52
magmaR1ft,NORTH_AMERICA,112883,509,409,4495,950,1025,330:45:42
stormH4sh,EUROPE,120583,619,306,4671,950,1179,964:28:50
glacialNode,SOUTH_AMERICA,128283,729,203,4847,950,1333,215:39:08
emberC0re,AUSTRALIA,135983,839,100,5023,950,1487,561:35:58
wolfproto,AFRICA,83243,74,820,3853,960,423,188:45:01
ViperNetwork,AFRICA,90943,184,717,4029,960,577,706:03:22
ravenCipher,AUSTRALIA,98643,294,614,4205,960,731,395:15:52
tigerPacket,ASIA,106343,404,511,4381,960,885,365:04:35
pantherNode,NORTH_AMERICA,114043,514,408,4557,960,1039,514:30:45
sharkReboot,SOUTH_AMERICA,121743,624,305,4733,960,1193,808:07:59
cobraCore,AUSTRALIA,129443,734,202,4909,960,1347,781:07:55
wolfR1der,AUSTRALIA,137143,844,99,5085,960,1501,629:38:51
cyberFalcon,AFRICA,84403,79,819,3915,970,437,421:59:17
neonV1per,ASIA,92103,189,716,4091,970,591,801:37:17
byteWolf,EUROPE,99803,299,613,4267,970,745,400:00:52
ravenN0va,AFRICA,107503,409,510,4443,970,899,697:24:43
tigerStrike,AUSTRALIA,115203,519,407,4619,970,1053,733:52:58
serpentPulse,ASIA,122903,629,304,4795,970,1207,763:08:56
pixelRevenant,AUSTRALIA,130603,739,201,4971,970,1361,349:09:15
RetroGhoul,EUROPE,138303,849,98,5147,970,1515,944:03:29
CartridgeShade,AFRICA,85563,84,818,3977,980,451,707:28:40
NeonNightmare,EUROPE,93263,194,715,4153,980,605,110:44:36
GlitchOverlord,NORTH_AMERICA,100963,304,612,4329,980,759,535:37:03
oldschoolHex,EUROPE,108663,414,509,4505,980,913,866:37:35
pixelRequiem,AUSTRALIA,116363,524,406,4681,980,1067,264:13:37
retroR1ft,AUSTRALIA,124063,634,303,4857,980,1221,391:06:51
pixelSpr1te,EUROPE,131763,744,200,5033,980,1375,085:29:08
turboRunner,EUROPE,139463,854,97,5209,980,1529,856:39:53
neonArcader,ASIA,86723,89,817,4039,990,465,394:11:07
glitchPilot,NORTH_AMERICA,94423,199,714,4215,990,619,893:09:26
pixelVandal,SOUTH_AMERICA,102123,309,611,4391,990,773,869:44:42
retroPulse,SOUTH_AMERICA,109823,419,508,4567,990,927,941:04:34
synthSprite,SOUTH_AMERICA,117523,529,405,4743,990,1081,867:17:40
neonSpectr4,ASIA,125223,639,302,4919,990,1235,033:33:48
RiftHopper,AFRICA,132923,749,199,5095,990,1389,416:14:37
cyberW0lfX,NORTH_AMERICA,140623,859,96,5271,990,1543,706:41:04
emberstrike,ASIA,87883,94,816,4101,1000,479,944:52:07
glitchF4ble,AFRICA,95583,204,713,4277,1000,633,515:24:11
frostN0va,ASIA,103283,314,610,4453,1000,787,951:20:44
tinyember,EUROPE,110983,424,507,4629,1000,941,139:43:26
serpentByte,ASIA,118683,534,404,4805,1000,1095,293:53:09
cozyV1bes,EUROPE,126383,644,301,4981,1000,1249,688:15:21
QuantumF4lcon,AUSTRALIA,134083,754,198,5157,1000,1403,536:24:19
pixelR0gue,NORTH_AMERICA,141783,864,95,5333,1000,1557,201:13:22
thunderGlyph,ASIA,89043,99,815,4163,1010,493,695:33:56
voidSpr1te,NORTH_AMERICA,96743,209,712,4339,1010,647,078:16:32
RuneBreaker,ASIA,104443,319,609,4515,1010,801,617:53:07
bobaGl1mm3r,EUROPE,112143,429,506,4691,1010,955,645:40:36